Time,ELSE_TAPE-INST.14276,J at HOUT_J-BOT_J-BOT_NOTCH__PICKEDSET7_Contour_01,J at HOUT_J-BOT_J-BOT_NOTCH__PICKEDSET7_Contour_02,J at HOUT_J-BOT_J-BOT_NOTCH__PICKEDSET7_Contour_03,J at HOUT_J-BOT_J-BOT_NOTCH__PICKEDSET7_Contour_04,J at HOUT_J-BOT_J-BOT_NOTCH__PICKEDSET7_Contour_05,J at HOUT_J-BOT_J-BOT_NOTCH__PICKEDSET7_Contour_06,J at HOUT_J-BOT_J-BOT_NOTCH__PICKEDSET7_Contour_07,J at HOUT_J-BOT_J-BOT_NOTCH__PICKEDSET7_Contour_08,J at HOUT_J-BOT_J-BOT_NOTCH__PICKEDSET7_Contour_09,J at HOUT_J-BOT_J-BOT_NOTCH__PICKEDSET7_Contour_10,J at HOUT_J-BOT_J-BOT_NOTCH__PICKEDSET7_Contour_11,J at HOUT_J-BOT_J-BOT_NOTCH__PICKEDSET7_Contour_12,J at HOUT_J-BOT_J-BOT_NOTCH__PICKEDSET7_Contour_13,J at HOUT_J-BOT_J-BOT_NOTCH__PICKEDSET7_Contour_14,J at HOUT_J-BOT_J-BOT_NOTCH__PICKEDSET7_Contour_15,J at HOUT_J-BOT_J-BOT_NOTCH__PICKEDSET7_Contour_16,J at HOUT_J-BOT_J-BOT_NOTCH__PICKEDSET7_Contour_17,J at HOUT_J-BOT_J-BOT_NOTCH__PICKEDSET7_Contour_18,J at HOUT_J-BOT_J-BOT_NOTCH__PICKEDSET7_Contour_19,J at HOUT_J-BOT_J-BOT_NOTCH__PICKEDSET7_Contour_20,J at HOUT_J-BOT_J-BOT_NOTCH__PICKEDSET7_Contour_21,J at HOUT_J-BOT_J-BOT_NOTCH__PICKEDSET7_Contour_22,J at HOUT_J-BOT_J-BOT_NOTCH__PICKEDSET7_Contour_23,J at HOUT_J-BOT_J-BOT_NOTCH__PICKEDSET7_Contour_24,J at HOUT_J-BOT_J-BOT_NOTCH__PICKEDSET7_Contour_25,J at HOUT_J-BOT_J-BOT_NOTCH__PICKEDSET7_Contour_26,J at HOUT_J-BOT_J-BOT_NOTCH__PICKEDSET7_Contour_27,J at HOUT_J-BOT_J-BOT_NOTCH__PICKEDSET7_Contour_28,J at HOUT_J-BOT_J-BOT_NOTCH__PICKEDSET7_Contour_29,J at HOUT_J-BOT_J-BOT_NOTCH__PICKEDSET7_Contour_30,J at HOUT_J-TOP_J-TOP_NOTCH__PICKEDSET5_Contour_01,J at HOUT_J-TOP_J-TOP_NOTCH__PICKEDSET5_Contour_02,J at HOUT_J-TOP_J-TOP_NOTCH__PICKEDSET5_Contour_03,J at HOUT_J-TOP_J-TOP_NOTCH__PICKEDSET5_Contour_04,J at HOUT_J-TOP_J-TOP_NOTCH__PICKEDSET5_Contour_05,J at HOUT_J-TOP_J-TOP_NOTCH__PICKEDSET5_Contour_06,J at HOUT_J-TOP_J-TOP_NOTCH__PICKEDSET5_Contour_07,J at HOUT_J-TOP_J-TOP_NOTCH__PICKEDSET5_Contour_08,J at HOUT_J-TOP_J-TOP_NOTCH__PICKEDSET5_Contour_09,J at HOUT_J-TOP_J-TOP_NOTCH__PICKEDSET5_Contour_10,J at HOUT_J-TOP_J-TOP_NOTCH__PICKEDSET5_Contour_11,J at HOUT_J-TOP_J-TOP_NOTCH__PICKEDSET5_Contour_12,J at HOUT_J-TOP_J-TOP_NOTCH__PICKEDSET5_Contour_13,J at HOUT_J-TOP_J-TOP_NOTCH__PICKEDSET5_Contour_14,J at HOUT_J-TOP_J-TOP_NOTCH__PICKEDSET5_Contour_15,J at HOUT_J-TOP_J-TOP_NOTCH__PICKEDSET5_Contour_16,J at HOUT_J-TOP_J-TOP_NOTCH__PICKEDSET5_Contour_17,J at HOUT_J-TOP_J-TOP_NOTCH__PICKEDSET5_Contour_18,J at HOUT_J-TOP_J-TOP_NOTCH__PICKEDSET5_Contour_19,J at HOUT_J-TOP_J-TOP_NOTCH__PICKEDSET5_Contour_20,J at HOUT_J-TOP_J-TOP_NOTCH__PICKEDSET5_Contour_21,J at HOUT_J-TOP_J-TOP_NOTCH__PICKEDSET5_Contour_22,J at HOUT_J-TOP_J-TOP_NOTCH__PICKEDSET5_Contour_23,J at HOUT_J-TOP_J-TOP_NOTCH__PICKEDSET5_Contour_24,J at HOUT_J-TOP_J-TOP_NOTCH__PICKEDSET5_Contour_25,J at HOUT_J-TOP_J-TOP_NOTCH__PICKEDSET5_Contour_26,J at HOUT_J-TOP_J-TOP_NOTCH__PICKEDSET5_Contour_27,J at HOUT_J-TOP_J-TOP_NOTCH__PICKEDSET5_Contour_28,J at HOUT_J-TOP_J-TOP_NOTCH__PICKEDSET5_Contour_29,J at HOUT_J-TOP_J-TOP_NOTCH__PICKEDSET5_Contour_30,LE11_TAPE-INST.14276,LE12_TAPE-INST.14276,LE22_TAPE-INST.14276,SENER_TAPE-INST.14276
0.0,0.0,0.0,0.0,0.0,0.0,0.0,0.0,0.0,0.0,0.0,0.0,0.0,0.0,0.0,0.0,0.0,0.0,0.0,0.0,0.0,0.0,0.0,0.0,0.0,0.0,0.0,0.0,0.0,0.0,0.0,0.0,0.0,0.0,0.0,0.0,0.0,0.0,0.0,0.0,0.0,0.0,0.0,0.0,0.0,0.0,0.0,0.0,0.0,0.0,0.0,0.0,0.0,0.0,0.0,0.0,0.0,0.0,0.0,0.0,0.0,0.0,0.0,0.0,0.0,0.0
0.0125,5.4567630059e-07,6.58512999507e-06,6.95069911671e-06,7.15907617632e-06,7.17885541235e-06,7.1876183938e-06,7.19158788343e-06,7.1938502515e-06,7.19518448022e-06,7.19610397937e-06,7.19669560567e-06,7.1971367106e-06,7.19743638911e-06,7.19768513591e-06,7.19785612091e-06,7.19800755178e-06,7.1981162364e-06,7.19821491657e-06,7.19828358342e-06,7.19834724805e-06,7.19839545127e-06,7.19844229025e-06,7.19847412256e-06,7.19850868336e-06,7.19853278497e-06,7.19855597708e-06,7.19857553122e-06,7.19859417586e-06,7.19860645404e-06,7.19862055121e-06,7.19863055565e-06,4.08437226724e-05,4.31555235991e-05,4.46325830126e-05,4.47398815595e-05,4.47838865512e-05,4.48018508905e-05,4.48116115876e-05,4.48175196652e-05,4.48212995252e-05,4.48239588877e-05,4.48257706012e-05,4.48273131042e-05,4.48284117738e-05,4.48292921646e-05,4.48300452263e-05,4.48306709586e-05,4.48311875516e-05,4.48317150585e-05,4.48320897704e-05,4.48324462923e-05,4.48327846243e-05,4.48331011285e-05,4.48333848908e-05,4.48336431873e-05,4.48338760179e-05,4.48341234005e-05,4.48343598691e-05,4.48345781479e-05,4.48347745987e-05,4.48349710496e-05,0.0288840476424,-1.86693614523e-06,-0.0288840476424,5.56259947189e-05
0.015625,8.65300648911e-07,1.00148427009e-05,1.06089364635e-05,1.0936039871e-05,1.09673137558e-05,1.09806151158e-05,1.09867432911e-05,1.0990193914e-05,1.09922402771e-05,1.09936418085e-05,1.09945494842e-05,1.09952216008e-05,1.09956808956e-05,1.09960583359e-05,1.09963211798e-05,1.0996551282e-05,1.09967177195e-05,1.09968677862e-05,1.0996974197e-05,1.0997069694e-05,1.09971442726e-05,1.09972152131e-05,1.09972643259e-05,1.0997316167e-05,1.09973534563e-05,1.09973889266e-05,1.099741894e-05,1.09974471343e-05,1.09974662337e-05,1.09974880615e-05,1.09975026135e-05,6.55291732983e-05,6.82711688569e-05,7.05203419784e-05,7.07233339199e-05,7.07994477125e-05,7.08313891664e-05,7.08480583853e-05,7.08580118953e-05,7.08642910467e-05,7.08686347934e-05,7.08715961082e-05,7.08740699338e-05,7.08758379915e-05,7.08772422513e-05,7.08784355083e-05,7.08794323145e-05,7.08802472218e-05,7.0881076681e-05,7.08816733095e-05,7.08822335582e-05,7.08827647031e-05,7.08832667442e-05,7.08837105776e-05,7.08841180312e-05,7.08844818291e-05,7.08848747308e-05,7.08852530806e-05,7.08855950506e-05,7.08859079168e-05,7.0886213507e-05,0.0363712981343,-2.32780757869e-06,-0.0363712981343,8.82083622855e-05
0.01875,1.26478346374e-06,1.40700039992e-05,1.49636525748e-05,1.54365279741e-05,1.54827539518e-05,1.55014768097e-05,1.55102352437e-05,1.55151064973e-05,1.55180114234e-05,1.55199868459e-05,1.55212746904e-05,1.55222205649e-05,1.55228717631e-05,1.5523402908e-05,1.55237758008e-05,1.55240995809e-05,1.55243342306e-05,1.55245452333e-05,1.55246962095e-05,1.55248308147e-05,1.55249344971e-05,1.55250345415e-05,1.55251036631e-05,1.55251782417e-05,1.55252309924e-05,1.55252801051e-05,1.55253219418e-05,1.55253637786e-05,1.55253892444e-05,1.55254201673e-05,1.55254419951e-05,9.86338345683e-05,9.97878523776e-05,0.000102561796666,0.000102961952507,0.000103093167127,0.000103149403003,0.000103178063,0.000103194775875,0.000103205180494,0.000103212194517,0.000103216996649,0.000103220874735,0.000103223675978,0.000103225844214,0.000103227677755,0.000103229183878,0.000103230442619,0.000103231672256,0.000103232574475,0.00010323341121,0.000103234204289,0.000103234946437,0.000103235601273,0.000103236212453,0.000103236750874,0.000103237325675,0.000103237878648,0.000103238380689,0.000103238839074,0.000103239297459,0.0439707972109,-2.78626953332e-06,-0.0439707972109,0.000128931467771
0.023438,2.02166893359e-06,2.12585891859e-05,2.27539385378e-05,2.3495478672e-05,2.35722782236e-05,2.36008854699e-05,2.36145115196e-05,2.36219584622e-05,2.36264222622e-05,2.36294308706e-05,2.36314062931e-05,2.36328469327e-05,2.36338419199e-05,2.36346477323e-05,2.36352207139e-05,2.36357100221e-05,2.3636072001e-05,2.36363903241e-05,2.36366195168e-05,2.36368232436e-05,2.36369833146e-05,2.36371342908e-05,2.36372416111e-05,2.36373507505e-05,2.3637432605e-05,2.36375071836e-05,2.36375726672e-05,2.36376345129e-05,2.36376745306e-05,2.36377218243e-05,2.36377545662e-05,0.000158522670972,0.000160041861818,0.00016226459411,0.000163356409757,0.000163672477356,0.000163794800756,0.000163856064319,0.000163890508702,0.000163911579875,0.000163925389643,0.000163934833836,0.000163942138897,0.000163947435794,0.000163951437571,0.000163954784512,0.000163957462064,0.000163959717611,0.000163961827639,0.000163963413797,0.000163964839885,0.000163966193213,0.000163967444678,0.000163968536071,0.000163969540154,0.000163970442372,0.000163971388247,0.000163972290466,0.000163973105373,0.000163973847521,0.00016397460422,0.0555872619152,-3.46931324202e-06,-0.0555872619152,0.000206088079722
0.030469,3.53788027496e-06,3.4370317735e-05,3.7159457861e-05,3.84101367672e-05,3.85574458051e-05,3.86054889532e-05,3.86286701541e-05,3.86410429201e-05,3.86484898627e-05,3.86534375139e-05,3.86567189707e-05,3.8659083657e-05,3.86607316614e-05,3.86620449717e-05,3.86629944842e-05,3.86637948395e-05,3.8664391468e-05,3.8664911699e-05,3.86652900488e-05,3.86656174669e-05,3.86658830394e-05,3.86661304219e-05,3.86663050449e-05,3.86664833059e-05,3.86666179111e-05,3.86667379644e-05,3.86668471037e-05,3.86669489671e-05,3.86670144508e-05,3.86670908483e-05,3.8667149056e-05,0.000273162469966,0.000280520820525,0.000281180167804,0.000282069580862,0.000282926514046,0.000283296045382,0.000283465895336,0.000283556932118,0.000283610308543,0.000283644447336,0.000283667526674,0.000283684639726,0.00028369697975,0.000283706205664,0.000283713656245,0.000283719593426,0.00028372448287,0.000283728848444,0.000283732224489,0.000283735163976,0.000283737870632,0.000283740373561,0.000283742527245,0.000283744477201,0.000283746194327,0.000283747998765,0.000283749657683,0.000283751171082,0.000283752568066,0.000283753935946,0.0735224112868,-4.48312130175e-06,-0.0735224112868,0.000360650097718
0.041016,6.76785020914e-06,5.89914670854e-05,6.46372209303e-05,6.68388674967e-05,6.71704547131e-05,6.72620808473e-05,6.73056638334e-05,6.73282629577e-05,6.73418035149e-05,6.73506438034e-05,6.73565591569e-05,6.73607573844e-05,6.73637041473e-05,6.73660106258e-05,6.73677131999e-05,6.73691174597e-05,6.73701724736e-05,6.73710819683e-05,6.73717586324e-05,6.73723188811e-05,6.73727990943e-05,6.73732210998e-05,6.7373533966e-05,6.73738468322e-05,6.73740869388e-05,6.73742979416e-05,6.73744943924e-05,6.73746617394e-05,6.73747854307e-05,6.7374916398e-05,6.73750182614e-05,0.000512514496222,0.000527077529114,0.000530126853846,0.000530543620698,0.000530736637302,0.000530959921889,0.000531310797669,0.000531607773155,0.000531798868906,0.000531916855834,0.00053199310787,0.000532045960426,0.000532083096914,0.000532110279892,0.000532131351065,0.000532147823833,0.00053216109518,0.000532172503881,0.000532181351446,0.000532188976649,0.000532195728738,0.000532201782335,0.000532206904609,0.000532211561222,0.00053221557755,0.000532219652086,0.000532223377377,0.000532226695213,0.000532229722012,0.000532232632395,0.101653069258,-5.97845473749e-06,-0.101653069258,0.000689912179951
0.051562,1.13179976324e-05,8.96550554899e-05,9.8965021607e-05,0.000102199774119,0.000102833582787,0.000102995036286,0.000103068581666,0.000103106009192,0.000103128062619,0.000103142279841,0.000103151789517,0.000103158476122,0.000103163161839,0.000103166792542,0.000103169499198,0.000103171718365,0.000103173384559,0.000103174796095,0.000103175880213,0.000103176738776,0.000103177488199,0.000103178157588,0.000103178652353,0.00010317912529,0.000103179510916,0.000103179831058,0.000103180143924,0.000103180405858,0.000103180602309,0.000103180806036,0.000103180966107,0.000839994638227,0.000861562613863,0.00086735613877,0.000868594506755,0.000869076815434,0.00086921453476,0.000869284849614,0.000869333511218,0.000869420240633,0.000869554991368,0.000869706447702,0.000869839510415,0.000869940849952,0.000870015355758,0.000870071118698,0.000870113493875,0.000870146264788,0.000870173389558,0.000870194169693,0.000870211573783,0.00087022659136,0.000870239746291,0.000870250805747,0.000870260584634,0.000870268966537,0.000870277173817,0.000870284624398,0.000870291201863,0.000870297139045,0.000870302843396,0.131390914321,-7.44130920793e-06,-0.131390914321,0.00115375302266
0.062109,1.74216984306e-05,0.000126453509438,0.000140051328344,0.000144204343087,0.000145264901221,0.00014553690562,0.000145653539221,0.000145712256199,0.00014574607485,0.000145767611684,0.000145781945321,0.000145791957038,0.000145798927406,0.000145804297063,0.000145808313391,0.000145811587572,0.000145814046846,0.000145816113218,0.000145817713928,0.000145818965393,0.000145820071339,0.000145821046317,0.000145821759361,0.000145822443301,0.000145823025377,0.000145823491039,0.000145823942148,0.000145824320498,0.000145824611536,0.000145824902575,0.000145825135405,0.00126422999892,0.00129356328398,0.00130225159228,0.00130439270288,0.00130535743665,0.00130571168847,0.00130589818582,0.00130598095711,0.00130601914134,0.00130603450816,0.00130604836158,0.00130607641768,0.00130612566136,0.00130619481206,0.00130627676845,0.00130635732785,0.00130642787553,0.00130648887716,0.00130653649103,0.00130657572299,0.00130660855211,0.00130663637538,0.00130665942561,0.00130667921621,0.0013066958636,0.00130671169609,0.00130672566593,0.00130673800595,0.00130674883258,0.00130675907712,0.162906989455,-8.86902853381e-06,-0.162906989455,0.00177596299909
0.072656,2.53647140198e-05,0.000168666214449,0.000187787110917,0.000192613064428,0.000194191627088,0.000194640655536,0.000194819658645,0.000194908483536,0.000194958469365,0.000194989785086,0.000195010448806,0.000195024796994,0.000195034750504,0.000195042346604,0.000195048065507,0.000195052663912,0.000195056127268,0.000195059023099,0.000195061264094,0.000195063010324,0.000195064567379,0.000195065920707,0.000195066924789,0.000195067870663,0.000195068685571,0.000195069325855,0.000195069966139,0.000195070490008,0.000195070897462,0.000195071290364,0.000195071625058,0.0017950310139,0.00183334283065,0.0018451687647,0.00184820324648,0.00184972665738,0.00185035204049,0.00185069686268,0.00185087707359,0.00185098161455,0.0018510412192,0.00185107428115,0.00185109430458,0.00185110408347,0.00185110466555,0.00185111071914,0.00185112399049,0.00185114773922,0.00185118836816,0.00185123435222,0.0018512866227,0.00185134017374,0.00185139069799,0.00185143528506,0.00185147440061,0.00185150734615,0.00185153807979,0.00185156462248,0.00185158767272,0.00185160769615,0.00185162608977,0.196399524808,-1.02584554043e-05,-0.196399524808,0.00258567300625
0.088477,4.15241156588e-05,0.000240339504671,0.000271066935966,0.000276922772173,0.000279113271972,0.000279992789729,0.000280328007648,0.000280486245174,0.000280572567135,0.000280624837615,0.000280658714473,0.000280681968434,0.000280697975541,0.000280710082734,0.000280719192233,0.000280726322671,0.000280731794192,0.000280736305285,0.000280739797745,0.000280742562609,0.000280744949123,0.000280746986391,0.000280748587102,0.000280750042293,0.000280751293758,0.000280752283288,0.000280753272818,0.000280754058622,0.000280754698906,0.000280755310087,0.000280755804852,0.00281618302688,0.00287099950947,0.00288818683475,0.0028925400693,0.0028949691914,0.00289605930448,0.00289669283666,0.00289705209434,0.00289727654308,0.00289742578752,0.00289752567187,0.00289759994484,0.00289765489288,0.00289768516086,0.00289771077223,0.00289772730321,0.00289773615077,0.00289774732664,0.00289774732664,0.00289774732664,0.0028977508191,0.00289775663987,0.00289776548743,0.00289778062142,0.00289779924788,0.0028978290502,0.00289786281064,0.00289789889939,0.00289793522097,0.00289797224104,0.250862389803,-1.2262547898e-05,-0.250862389803,0.00423296215013
0.094409,4.91675236844e-05,0.000269490061328,0.000305569294142,0.000312078365823,0.000314354634611,0.000315419980325,0.000315841723932,0.0003160367487,0.000316141813528,0.00031620459049,0.000316244928399,0.000316272489727,0.000316291378113,0.000316305609886,0.000316316261888,0.000316324585583,0.000316330959322,0.000316336198011,0.000316340243444,0.000316343503073,0.000316346238833,0.000316348625347,0.000316350487992,0.000316352146911,0.000316353602102,0.000316354737151,0.000316355872201,0.00031635677442,0.000316357531119,0.000316358258715,0.000316358840792,0.00327665335499,0.00333878584206,0.00335824559443,0.00336309848353,0.00336587941274,0.00336715672165,0.00336791295558,0.0033683469519,0.00336862215772,0.00336880935356,0.00336893624626,0.00336903240532,0.00336910644546,0.00336915114895,0.00336919049732,0.00336921936832,0.00336923846044,0.00336925941519,0.00336926640011,0.00336927105673,0.00336927664466,0.00336928060278,0.00336928339675,0.00336928735487,0.0033692906145,0.00336930342019,0.00336931971833,0.00336934020743,0.00336936465465,0.0033693946898,0.272759109735,-1.2986688489e-05,-0.272759109735,0.00501213176176
0.103308,6.25822140137e-05,0.000315345096169,0.000360356934834,0.000368232926121,0.000370535184629,0.000371828500647,0.000372407695977,0.000372673210222,0.00037281337427,0.000372895563487,0.000372947659343,0.000372982874978,0.000373006914742,0.000373024813598,0.00037303820136,0.00037304853322,0.000373056478566,0.000373062997824,0.000373068003682,0.000373072020011,0.000373075425159,0.000373078335542,0.000373080634745,0.000373082701117,0.00037308447645,0.000373085902538,0.000373087270418,0.000373088376364,0.000373089307686,0.000373090180801,0.000373090908397,0.00405565742403,0.00413014180958,0.00415333546698,0.00415895599872,0.00416228547692,0.00416385522112,0.00416480377316,0.00416535558179,0.0041657150723,0.00416596233845,0.00416613230482,0.0041662636213,0.00416636653244,0.00416643358767,0.0041664945893,0.00416654162109,0.00416657701135,0.00416661426425,0.00416663475335,0.00416665151715,0.00416666828096,0.00416668178514,0.0041666906327,0.00416669808328,0.00416670041159,0.00416670879349,0.00416671531275,0.00416672183201,0.00416672835127,0.00416673859581,0.30730292201,-1.40419042509e-05,-0.30730292201,0.006379627157
0.116656,8.79769140738e-05,0.000388424115954,0.000448727136245,0.000459393137135,0.000461823598016,0.00046324293362,0.000464057928184,0.000464466837002,0.000464679556899,0.000464801501948,0.000464877171908,0.000464927376015,0.000464961311081,0.000464986253064,0.000465004675789,0.000465018762043,0.000465029559564,0.000465038319817,0.000465045071905,0.000465050543426,0.000465055054519,0.000465058954433,0.000465062010335,0.000465064775199,0.000465067132609,0.000465068995254,0.000465070828795,0.000465072283987,0.000465073506348,0.000465074670501,0.000465075660031,0.0054451553151,0.00554178841412,0.00557145569474,0.00557831162587,0.00558253237978,0.00558455660939,0.00558580597863,0.00558655429631,0.0055870548822,0.00558739807457,0.00558764161542,0.00558783113956,0.00558798015118,0.00558808306232,0.00558817619458,0.00558825070038,0.00558831123635,0.00558837223798,0.00558841368183,0.00558844907209,0.00558848585933,0.00558851705864,0.00558854313567,0.00558856641874,0.00558858271688,0.00558860506862,0.00558862276375,0.00558863766491,0.00558864884079,0.00558865955099,0.363425344229,-1.55477227963e-05,-0.363425344229,0.00896837003529
0.136679,0.000142028657137,0.000505373987835,0.000592581753153,0.000608539092354,0.000611751631368,0.000613237381913,0.000614157470409,0.000614772550762,0.000615137338173,0.000615349621512,0.000615478900727,0.000615562603343,0.000615618133452,0.000615657947492,0.000615686876699,0.000615708588157,0.000615725119133,0.000615738390479,0.000615748518612,0.000615756667685,0.000615763419773,0.000615769124124,0.000615773664322,0.00061577768065,0.000615781114902,0.000615783850662,0.000615786528215,0.000615788623691,0.00061579036992,0.000615792057943,0.000615793454926,0.00812157988548,0.00826075673103,0.00830258242786,0.00831163208932,0.00831739977002,0.00832013040781,0.00832188781351,0.00832297839224,0.00832370109856,0.00832421611995,0.00832459144294,0.00832487456501,0.00832510832697,0.0083252703771,0.00832541752607,0.00832553766668,0.00832563638687,0.00832573510706,0.0083258068189,0.00832586921751,0.00832593534142,0.00832599308342,0.00832604430616,0.00832609087229,0.00832612998784,0.00832617655396,0.00832621566951,0.00832625292242,0.00832628458738,0.00832631625235,0.45935061574,-1.75997356564e-05,-0.45935061574,0.0144784301519
0.166713,0.000280936044874,0.000686102313921,0.000820118235424,0.000845530128572,0.000850538548548,0.000852706434671,0.000853721867315,0.000854344398249,0.00085481320275,0.000855168094859,0.000855413207319,0.000855576596223,0.000855684338603,0.000855759717524,0.000855813152157,0.00085585238412,0.000855881720781,0.000855904712807,0.000855922116898,0.000855935970321,0.000855947146192,0.000855956634041,0.000855964026414,0.000855970545672,0.0008559760754,0.000855980499182,0.000855984690133,0.00085598800797,0.000855990860146,0.000855993537698,0.000855995749589,0.0139210820198,0.0141527699307,0.0142205264419,0.0142341172323,0.0142427776009,0.0142468530685,0.0142496069893,0.0142512116581,0.0142523888499,0.014253214933,0.0142537988722,0.0142542934045,0.0142546622083,0.0142549388111,0.0142551930621,0.0142553877085,0.0142555655912,0.0142557248473,0.0142558515072,0.0142559595406,0.014256073162,0.0142561718822,0.0142562622204,0.0142563469708,0.0142564186826,0.0142565015703,0.0142565742135,0.014256644994,0.014256708324,0.0142567697912,0.637949407101,-1.98416692001e-05,-0.637949407101,0.0286387614906
0.174221,0.000331021699822,0.000729738618247,0.000875882629771,0.000903775391635,0.00090926309349,0.000911661831196,0.000912756717298,0.00091338501079,0.000913843105081,0.000914208299946,0.000914477161132,0.000914662668947,0.000914786593057,0.000914873322472,0.000914934556931,0.000914979435038,0.00091501272982,0.000915038748644,0.000915058422834,0.000915073964279,0.000915086537134,0.000915097072721,0.000915105338208,0.000915112614166,0.00091511872597,0.000915123615414,0.000915128272027,0.000915131880902,0.000915135082323,0.000915137992706,0.000915140437428,0.015809930861,0.0160719007254,0.0161480866373,0.0161630865186,0.0161726735532,0.0161771904677,0.0161801911891,0.0161819607019,0.0161832887679,0.0161841772497,0.0161848403513,0.0161853916943,0.0161857958883,0.0161861162633,0.0161863937974,0.0161866154522,0.0161868166178,0.0161869917065,0.0161871388555,0.0161872562021,0.0161873865873,0.0161874964833,0.0161875989288,0.0161876939237,0.0161877758801,0.016187870875,0.0161879528314,0.0161880329251,0.0161881037056,0.0161881744862,0.689441561699,-2.00513841264e-05,-0.689441561699,0.0337445288897
0.18173,0.000387386389775,0.000771831313614,0.000929929490667,0.000960278848652,0.000966240942944,0.000968877749983,0.000970063498244,0.00097071158234,0.000971159315668,0.000971523521002,0.000971808389295,0.000972014036961,0.000972154142801,0.000972252746578,0.000972322304733,0.000972373120021,0.00097241072217,0.000972439942416,0.000972462003119,0.000972479349002,0.000972493377049,0.000972505018581,0.000972514215391,0.000972522189841,0.000972528941929,0.000972534297034,0.000972539361101,0.000972543377429,0.000972546869889,0.00097255007131,0.000972552690655,0.0179136972874,0.0182092431933,0.0182947665453,0.0183113384992,0.0183219667524,0.0183269549161,0.0183302089572,0.0183321721852,0.0183336418122,0.0183346029371,0.0183353573084,0.0183359533548,0.018336404115,0.0183367673308,0.0183370672166,0.0183373242617,0.0183375403285,0.0183377396315,0.0183379016817,0.0183380320668,0.0183381792158,0.0183383002877,0.0183384157717,0.0183385200799,0.0183386094868,0.0183387137949,0.0183388050646,0.0183388944715,0.0183389727026,0.0183390509337,0.742133498192,-1.98031411855e-05,-0.742133498192,0.0394903644919
0.192993,0.000479204871226,0.000831210752949,0.00100657704752,0.00104049313813,0.00104714429472,0.00105014164001,0.00105147249997,0.00105216843076,0.00105261174031,0.00105296447873,0.001053258311,0.00105348671786,0.00105364946648,0.00105376588181,0.00105384842027,0.00105390872341,0.00105395307764,0.00105398742016,0.00105401314795,0.00105403340422,0.00105404958595,0.00105406309012,0.0010540735675,0.00105408276431,0.00105409044772,0.00105409650132,0.00105410232209,0.00105410686228,0.00105411070399,0.00105411431286,0.00105411733966,0.0215060710907,0.0218586083502,0.0219599213451,0.0219792667776,0.0219916664064,0.0219973959029,0.0220010988414,0.0220033880323,0.0220050513744,0.0220061615109,0.0220070574433,0.0220077205449,0.0220082625747,0.0220086779445,0.0220090281218,0.0220093335956,0.0220095776021,0.0220098178834,0.0220100041479,0.0220101606101,0.0220103301108,0.0220104698092,0.0220106076449,0.0220107268542,0.0220108348876,0.0220109559596,0.0220110621303,0.0220111664385,0.0220112595707,0.0220113508403,0.818578958511,-1.87601817743e-05,-0.818578958511,0.048850286752
0.209887,0.000613340933342,0.000910954724532,0.0011101483833,0.00114902283531,0.00115663243923,0.00116015551612,0.00116170570254,0.00116249267012,0.00116295577027,0.00116329384036,0.00116357975639,0.00116382271517,0.00116401014384,0.00116415088996,0.00116425252054,0.00116432714276,0.00116438197438,0.00116442423314,0.00116445578169,0.00116448046174,0.00116450013593,0.00116451631766,0.00116452889051,0.00116453983355,0.00116454891395,0.0011645561317,0.0011645630002,0.00116456835531,0.0011645728955,0.00116457708646,0.00116458057892,0.0278841033578,0.0283378530294,0.028466951102,0.0284914281219,0.0285069048405,0.028513815254,0.0285184178501,0.0285212229937,0.0285231955349,0.0285245887935,0.028525672853,0.0285264849663,0.0285271704197,0.028527662158,0.0285281129181,0.0285284798592,0.028528785333,0.0285290870816,0.0285293124616,0.0285295173526,0.0285297203809,0.0285298973322,0.0285300686955,0.0285302158445,0.0285303536803,0.0285304989666,0.0285306349397,0.0285307615995,0.0285308770835,0.0285309907049,0.914011836052,-1.62933320098e-05,-0.914011836052,0.0625238642097
0.235228,0.000777971697971,0.0010130769806,0.00124367256649,0.00128914415836,0.00129803398158,0.00130229396746,0.00130415917374,0.00130509107839,0.00130561436526,0.00130595848896,0.0013062270591,0.00130646349862,0.00130666408222,0.00130682927556,0.00130695512053,0.00130704999901,0.0013071205467,0.00130717467982,0.00130721519236,0.00130724650808,0.00130727142096,0.00130729179364,0.00130730762612,0.0013073211303,0.00130733242258,0.00130734127015,0.00130734953564,0.00130735605489,0.00130736164283,0.00130736664869,0.00130737083964,0.0393171012402,0.0399545393884,0.0401338338852,0.0401672832668,0.040188383311,0.0401975624263,0.0402036234736,0.0402072928846,0.0402099303901,0.0402117632329,0.0402131564915,0.0402142256498,0.0402151234448,0.0402157790959,0.0402163825929,0.0402168594301,0.0402172729373,0.0402176640928,0.0402179732919,0.0402182452381,0.040218513459,0.0402187593281,0.0402189791203,0.0402191840112,0.0402193628252,0.0402195565403,0.0402197390795,0.0402199067175,0.0402200631797,0.0402202121913,1.01053881645,-1.36004982778e-05,-1.01053893566,0.0793059319258
0.244731,0.000829751195852,0.00104742508847,0.00128877116367,0.00133651704527,0.00134585041087,0.00135037302971,0.00135235243943,0.00135333812796,0.00135388772469,0.00135424069595,0.00135450658854,0.00135473790579,0.00135493779089,0.00135510775726,0.00135524070356,0.00135534245055,0.00135541858617,0.00135547725949,0.00135552103166,0.00135555502493,0.00135558191687,0.00135560380295,0.00135562079959,0.0013556353515,0.00135564745869,0.00135565688834,0.0013556657359,0.00135567272082,0.00135567854159,0.00135568401311,0.00135568843689,0.0440542437136,0.0447679683566,0.0449681840837,0.0450053401291,0.0450287982821,0.0450389869511,0.0450456403196,0.0450496561825,0.0450525432825,0.0450545735657,0.0450561083853,0.0450572781265,0.0450582578778,0.0450589731336,0.0450596362352,0.0450601615012,0.0450606234372,0.0450610481203,0.045061390847,0.0450616888702,0.0450619868934,0.0450622588396,0.0450624972582,0.0450627282262,0.0450629256666,0.0450631380081,0.0450633354485,0.0450635254383,0.0450636968017,0.0450638569891,1.03694057465,-1.2927809621e-05,-1.03694069386,0.0845842212439
0.258985,0.000900251092389,0.00109597551636,0.00135265709832,0.00140365993138,0.00141363171861,0.00141853722744,0.00142068462446,0.00142175029032,0.00142234063242,0.00142271083314,0.0014229771914,0.00142320164014,0.00142339721788,0.00142357067671,0.00142371177208,0.00142382271588,0.00142390688416,0.00142397207674,0.00142402097117,0.00142405880615,0.00142408872489,0.00142411305569,0.00142413191497,0.00142414786387,0.00142416113522,0.0014241716126,0.00142418127507,0.00142418884207,0.00142419536132,0.00142420118209,0.00142420607153,0.0515267029405,0.0523600876331,0.0525931715965,0.0526364408433,0.0526635497808,0.0526752918959,0.0526830069721,0.0526875555515,0.0526908002794,0.0526931397617,0.0526948869228,0.0526962429285,0.052697353065,0.0526981577277,0.0526989102364,0.0526995100081,0.0527000389993,0.0527005195618,0.0527009256184,0.0527012571692,0.0527016036212,0.052701909095,0.0527021847665,0.0527024492621,0.0527026727796,0.0527029260993,0.0527031458914,0.0527033656836,0.0527035593987,0.0527037456632,1.07019722462,-1.2312151739e-05,-1.07019722462,0.0917708128691
0.280367,0.000994266825728,0.00116354261991,0.00144180806819,0.00149741990026,0.00150830252096,0.00151376216672,0.00151615659706,0.00151733995881,0.00151799304876,0.00151839444879,0.00151866918895,0.00151888804976,0.00151907489635,0.0015192469582,0.00151939457282,0.00151951611042,0.00151961122174,0.00151968596037,0.00151974242181,0.00151978607755,0.0015198206529,0.00151984870899,0.00151987036224,0.00151988863945,0.00151990377344,0.0015199156478,0.00151992659084,0.00151993520558,0.00151994242333,0.001519949059,0.00151995441411,0.0634304657578,0.0644522458315,0.0647371038795,0.0647907927632,0.0648236051202,0.064837642014,0.0648472458124,0.0648526623845,0.0648565590382,0.0648593083024,0.0648613497615,0.0648630410433,0.0648643448949,0.0648653581738,0.0648662149906,0.0648669451475,0.0648675635457,0.0648681297898,0.0648686364293,0.0648690238595,0.0648694559932,0.064869813621,0.0648701488972,0.0648704692721,0.0648707300425,0.0648710429668,0.0648713037372,0.0648715719581,0.0648718029261,0.0648720338941,1.11015021801,-1.1295328477e-05,-1.11015021801,0.101354584098
0.312439,0.00111806846689,0.00125622667838,0.00156448362395,0.00162654486485,0.00163872074336,0.001644977252,0.00164773466531,0.00164909125306,0.0016498392215,0.00165029335767,0.00165059173014,0.0016508132685,0.0016509903362,0.00165115331765,0.00165130069945,0.00165143061895,0.00165153795388,0.00165162538178,0.00165169266984,0.00165174517315,0.00165178684983,0.00165182061028,0.00165184668731,0.00165186857339,0.00165188650135,0.00165190070402,0.00165191362612,0.00165192375425,0.00165193225257,0.00165193993598,0.00165194622241,0.0825470387936,0.0838685259223,0.0842360109091,0.0843065455556,0.0843486636877,0.0843666419387,0.0843788906932,0.0843857228756,0.0843911170959,0.0843943879008,0.0843970030546,0.0843990668654,0.0844006687403,0.0844020396471,0.0844030752778,0.0844041034579,0.0844048112631,0.0844055712223,0.0844061821699,0.0844066813588,0.0844072401524,0.0844076871872,0.0844081416726,0.0844085216522,0.0844088867307,0.0844092667103,0.0844096019864,0.0844099447131,0.0844102352858,0.0844105556607,1.15604269505,-1.0451351045e-05,-1.15604269505,0.113974712789
0.360547,0.00128112954553,0.0013819943415,0.00173149665352,0.00180250767153,0.00181652209722,0.00182391877752,0.00182721286546,0.00182882498484,0.00182971497998,0.00183025316801,0.00183059868868,0.00183084129822,0.00183101813309,0.00183116982225,0.00183130637743,0.0018314345507,0.0018315493362,0.00183164968621,0.00183173059486,0.00183179567102,0.0018318479415,0.00183189054951,0.00183192361146,0.00183195108548,0.00183197378647,0.00183199148159,0.00183200754691,0.00183202011976,0.00183203059714,0.00183204002678,0.00183204782661,0.113420493901,0.115230120718,0.115733906627,0.115828618407,0.115886196494,0.115912683308,0.115927986801,0.115937434137,0.115944691002,0.115949034691,0.115953199565,0.115955635905,0.115958064795,0.115959599614,0.115961030126,0.115962408483,0.115963324904,0.115964516997,0.115965262055,0.115966074169,0.115966722369,0.115967385471,0.115967959166,0.115968465805,0.115969002247,0.115969501436,0.115970000625,0.115970440209,0.115970872343,0.115971282125,1.20682561398,-9.62793546933e-06,-1.20682561398,0.130596891046
0.43271,0.00149893644266,0.00155185884796,0.00195774016902,0.00204112217762,0.00205777864903,0.00206680456176,0.00207090005279,0.00207289401442,0.00207399670035,0.00207466492429,0.00207509077154,0.00207538180985,0.00207558064722,0.0020757347811,0.00207586050965,0.00207597529516,0.00207608286291,0.00207618623972,0.00207627750933,0.00207635597326,0.00207642232999,0.00207647774369,0.00207652151585,0.00207655830309,0.00207658833824,0.00207661208697,0.00207663327456,0.00207664980553,0.00207666377537,0.00207667588256,0.00207668612711,0.163474529982,0.166085377336,0.166812419891,0.166947841644,0.167031049728,0.167069047689,0.167091548443,0.16710741818,0.167115911841,0.167122736573,0.167127996683,0.16713167727,0.167135730386,0.167137816548,0.167140468955,0.167142018676,0.167143538594,0.167145013809,0.16714605689,0.167147248983,0.167148202658,0.167149320245,0.167150124907,0.167150989175,0.167151704431,0.167152494192,0.167153149843,0.167153805494,0.167154431343,0.16715502739,1.2614812851,-8.87098576641e-06,-1.2614812851,0.152799829841
0.450751,0.00155039178208,0.00159188639373,0.00201112497598,0.00209746020846,0.00211476581171,0.00212418846786,0.0021284846589,0.00213057477959,0.00213173078373,0.00213243230246,0.00213287887163,0.00213318341412,0.00213339016773,0.00213354779407,0.00213367328979,0.00213378551416,0.00213389005512,0.00213399203494,0.00213408330455,0.00213416386396,0.00213423278183,0.00213429122232,0.00213433755562,0.00213437667117,0.00213440880179,0.0021344339475,0.00213445653208,0.0021344742272,0.00213448889554,0.00213450193405,0.00213451264426,0.176565214992,0.179384246469,0.180168315768,0.180315792561,0.180406168103,0.180446118116,0.180470779538,0.18048837781,0.180497556925,0.180505231023,0.180510535836,0.180514574051,0.180518820882,0.180521160364,0.180524110794,0.180525839329,0.180527597666,0.180529147387,0.180530309677,0.180531531572,0.180532544851,0.180533736944,0.180534616113,0.180535599589,0.18053637445,0.180537268519,0.180537983775,0.180538713932,0.180539369583,0.180540010333,1.27265429497,-8.75175282999e-06,-1.27265429497,0.158045098186
0.468791,0.00160100846551,0.00163115689065,0.00206351699308,0.00215276051313,0.0021707136184,0.0021805295255,0.00218502711505,0.00218721362762,0.00218842318282,0.00218915753067,0.00218962528743,0.00218994379975,0.00219015893526,0.00219032098539,0.0021904471796,0.0021905573085,0.00219065928832,0.00219075893983,0.00219084974378,0.00219093170017,0.00219100271352,0.00219106371514,0.00219111284241,0.00219115405343,0.00219118827954,0.00219121505506,0.00219123903662,0.0021912578959,0.00219127349555,0.00219128723256,0.00219129864126,0.189859688282,0.192888721824,0.193729892373,0.19389000535,0.19398792088,0.19402962923,0.194056406617,0.194075584412,0.194085672498,0.194094285369,0.194099709392,0.194104090333,0.194108441472,0.194111019373,0.194114238024,0.194116175175,0.194118201733,0.194119885564,0.194121167064,0.194122418761,0.194123521447,0.194124743342,0.194125697017,0.1941267699,0.194127619267,0.194128632545,0.194129407406,0.194130212069,0.194130912423,0.194131612778,1.28310012817,-8.59638385009e-06,-1.28310012817,0.163204908371
0.495852,0.00167562125716,0.00168881402351,0.00214046100155,0.00223399349488,0.00225291447714,0.00226331502199,0.00226811529137,0.00227044778876,0.00227173790336,0.00227252254263,0.00227302219719,0.00227336212993,0.00227359053679,0.00227376027033,0.00227388879284,0.00227399775758,0.00227409577928,0.00227419170551,0.00227428087965,0.00227436330169,0.00227443687618,0.00227450137027,0.00227455398999,0.00227459869348,0.00227463571355,0.00227466505021,0.00227469112724,0.00227471161634,0.0022747288458,0.0022747439798,0.00227475631982,0.210159480572,0.213506340981,0.214433342218,0.214613080025,0.214722901583,0.214767336845,0.214797154069,0.214818283916,0.214830040932,0.21484015882,0.214845985174,0.214850991964,0.214855372906,0.214858293533,0.214861750603,0.214864060283,0.21486645937,0.214868426323,0.214869976044,0.214871332049,0.214872553945,0.214873835444,0.214874863625,0.214876040816,0.214876994491,0.214878156781,0.214879050851,0.214880004525,0.214880779386,0.214881584048,1.2975987196,-8.40730444907e-06,-1.2975987196,0.170810848475
0.536444,0.00178519648034,0.00177291268483,0.00225271657109,0.00235253851861,0.00237290887162,0.00238417624496,0.00238943309523,0.0023919865489,0.00239339889959,0.00239425897598,0.00239480752498,0.0023951807525,0.00239543057978,0.00239561358467,0.00239574862644,0.00239585805684,0.00239595235325,0.00239604292437,0.00239612790756,0.00239620869979,0.00239628390409,0.0023963523563,0.00239640939981,0.0023964587599,0.00239650043659,0.00239653349854,0.0023965628352,0.00239658611827,0.00239660544321,0.00239662243985,0.00239663640969,0.24135196209,0.245181053877,0.24623799324,0.246447369456,0.246575728059,0.246625602245,0.246659696102,0.246682718396,0.246697187424,0.246709510684,0.246716603637,0.246722772717,0.246727362275,0.246730715036,0.246734246612,0.246737018228,0.246739849448,0.246742337942,0.2467443645,0.246746048331,0.246747598052,0.246748998761,0.246750190854,0.24675142765,0.246752485633,0.246753811836,0.246754869819,0.246756032109,0.246756970882,0.246757999063,1.31716561317,-8.18189528218e-06,-1.31716561317,0.181980803609
0.597331,0.00194575160276,0.00189478008542,0.00241538090631,0.00252437219024,0.00254692067392,0.00255947094411,0.00256541837007,0.00256831012666,0.00256990804337,0.00257088360377,0.0025715068914,0.00257193110883,0.00257221516222,0.00257242145017,0.00257256999612,0.00257268548012,0.00257277884521,0.00257286406122,0.00257294182666,0.00257301726379,0.00257309060544,0.00257316115312,0.00257322262041,0.00257327780128,0.00257332529873,0.00257336394861,0.00257339840755,0.00257342588156,0.0025734489318,0.00257346895523,0.00257348548621,0.289634168148,0.294201403856,0.295459806919,0.295711457729,0.295867055655,0.295929551125,0.295970261097,0.295995056629,0.296012789011,0.296027451754,0.29603728652,0.29604563117,0.296051472425,0.296055704355,0.296059280634,0.296062499285,0.296065539122,0.296068578959,0.296071201563,0.296073555946,0.296075791121,0.296077698469,0.296079307795,0.296080768108,0.296082019806,0.296083450317,0.296084702015,0.296086013317,0.296087175608,0.29608848691,1.34270060062,-7.89001933299e-06,-1.34270060062,0.198347598314
0.688662,0.00218118145131,0.00207056710497,0.00264986325055,0.00277215451933,0.00279800011776,0.00281245191582,0.00281944847666,0.00282286433503,0.0028247484006,0.00282590137795,0.00282663991675,0.00282714422792,0.00282748253085,0.00282772770151,0.0028279023245,0.00282803387381,0.00282813399099,0.00282821874134,0.00282829022035,0.00282835680991,0.00282842223532,0.00282848905772,0.00282855075784,0.00282861012965,0.00282866414636,0.00282870954834,0.00282875145786,0.0028287852183,0.0028288140893,0.00282883923501,0.00282885995694,0.364960074425,0.370683521032,0.37226754427,0.372578799725,0.37277123332,0.372858315706,0.3729121387,0.372942745686,0.372963577509,0.372979640961,0.372992485762,0.373003423214,0.373012542725,0.373019069433,0.373024225235,0.373028457165,0.373031914234,0.373035252094,0.373038113117,0.373040854931,0.373043775558,0.373046606779,0.373049139977,0.373051464558,0.373053431511,0.373055398464,0.373057097197,0.373058587313,0.373059988022,0.373061448336,1.37479794025,-7.54212305765e-06,-1.37479794025,0.222347036004
0.788662,0.0024348909501,0.00225659110583,0.00289759761654,0.00303400470875,0.00306352647021,0.00308004859835,0.00308821257204,0.00309222843498,0.00309443753213,0.00309579144232,0.0030966612976,0.00309725664556,0.00309765827842,0.00309794931673,0.00309815630317,0.00309831090271,0.00309842592105,0.00309851812199,0.00309859076515,0.0030986526981,0.00309871067293,0.00309876957908,0.00309882545844,0.00309888250194,0.00309893814847,0.00309898727573,0.00309903500602,0.00309907505289,0.00309910974465,0.0030991404783,0.00309916655533,0.450861245394,0.457931607962,0.45990139246,0.460285335779,0.460516422987,0.460627824068,0.460699468851,0.460743784904,0.460770457983,0.460789501667,0.460803568363,0.460815578699,0.460827022791,0.460835784674,0.460843890905,0.460850447416,0.460855990648,0.460860490799,0.460864126682,0.460866868496,0.460870057344,0.460873126984,0.460876077414,0.46087911725,0.460881948471,0.460884898901,0.46088758111,0.460889875889,0.460891962051,0.460893809795,1.40399110317,-7.24118490325e-06,-1.40399110317,0.248209893703
0.888662,0.0026866691187,0.00243840180337,0.00313911773264,0.00328931352124,0.0033225978259,0.00334119657055,0.00335054681636,0.00335518992506,0.00335773872212,0.0033593014814,0.00336030754261,0.00336099835113,0.00336146587506,0.0033618058078,0.0033620481845,0.00336222909391,0.0033623627387,0.00336246797815,0.00336254760623,0.00336261140183,0.00336266681552,0.00336272013374,0.00336276879534,0.00336281955242,0.00336287147366,0.00336291943677,0.00336296949536,0.00336301326752,0.0033630526159,0.00336308847181,0.00336311943829,0.539892554283,0.548381388187,0.550752699375,0.551222741604,0.551499187946,0.551628291607,0.55171662569,0.551777482033,0.551814258099,0.551841497421,0.551858484745,0.551872313023,0.551884531975,0.551894247532,0.551904261112,0.551912844181,0.551921129227,0.551927983761,0.551933825016,0.551937699318,0.551942050457,0.551945507526,0.551948666573,0.551951885223,0.55195492506,0.551958322525,0.55196171999,0.551964879036,0.551967918873,0.551970660686,1.42881727219,-6.99603015164e-06,-1.42881727219,0.273875892162
0.988662,0.00293788663112,0.00261766300537,0.00337648089044,0.0035402381327,0.00357737950981,0.00359807442874,0.00360862794332,0.00361392600462,0.00361683010124,0.00361860962585,0.00361975748092,0.00362054724246,0.00362108414993,0.00362147530541,0.00362175540067,0.00362196494825,0.00362211978063,0.00362224061973,0.00362233119085,0.00362240127288,0.00362245924771,0.00362251093611,0.00362255517393,0.00362259987742,0.00362264621072,0.00362268928438,0.0036227372475,0.00362278125249,0.00362282246351,0.00362286204472,0.00362289696932,0.63172852993,0.641684055328,0.644460141659,0.645024359226,0.645356416702,0.645499825478,0.645601987839,0.645676255226,0.64572429657,0.64576292038,0.6457862854,0.645805239677,0.645819246769,0.645830154419,0.64584094286,0.645850539207,0.645860552788,0.645869553089,0.645877957344,0.645884096622,0.645890712738,0.645895659924,0.645900070667,0.64590382576,0.64590716362,0.645910739899,0.645914316177,0.645917892456,0.64592140913,0.645924925804,1.4504352808,-6.7889636739e-06,-1.4504352808,0.299484729767
1.0,0.00296637439169,0.0026378815528,0.00340319424868,0.00356847769581,0.00360606261529,0.00362699665129,0.00363768776879,0.00364306173287,0.00364600704052,0.00364781194367,0.00364897609688,0.00364977726713,0.00365032232367,0.00365071929991,0.00365100381896,0.00365121662617,0.00365137401968,0.00365149695426,0.00365158868954,0.00365165993571,0.00365171814337,0.00365177006461,0.0036518140696,0.00365185830742,0.00365190394223,0.0036519463174,0.00365199404769,0.00365203758702,0.00365207903087,0.00365211884491,0.00365215423517,0.642305850983,0.652429819107,0.655251741409,0.655826807022,0.656165719032,0.656310796738,0.656414449215,0.656489849091,0.656539082527,0.656579017639,0.65660327673,0.656623005867,0.656637370586,0.656648516655,0.656659424305,0.656669080257,0.656679213047,0.656688392162,0.65669709444,0.656703472137,0.656710386276,0.65671557188,0.656720161438,0.656724095345,0.656727492809,0.656731128693,0.656734704971,0.65673828125,0.656741857529,0.656745374203,1.45271992683,-6.76846229908e-06,-1.45271992683,0.302388757467
