Time,ELSE_TAPE-INST.33436,Gamma,J at HOUT_J-BOT_J-BOT_NOTCH__PICKEDSET7_Contour_01,J at HOUT_J-BOT_J-BOT_NOTCH__PICKEDSET7_Contour_02,J at HOUT_J-BOT_J-BOT_NOTCH__PICKEDSET7_Contour_03,J at HOUT_J-BOT_J-BOT_NOTCH__PICKEDSET7_Contour_04,J at HOUT_J-BOT_J-BOT_NOTCH__PICKEDSET7_Contour_05,J at HOUT_J-BOT_J-BOT_NOTCH__PICKEDSET7_Contour_06,J at HOUT_J-BOT_J-BOT_NOTCH__PICKEDSET7_Contour_07,J at HOUT_J-BOT_J-BOT_NOTCH__PICKEDSET7_Contour_08,J at HOUT_J-BOT_J-BOT_NOTCH__PICKEDSET7_Contour_09,J at HOUT_J-BOT_J-BOT_NOTCH__PICKEDSET7_Contour_10,J at HOUT_J-BOT_J-BOT_NOTCH__PICKEDSET7_Contour_11,J at HOUT_J-BOT_J-BOT_NOTCH__PICKEDSET7_Contour_12,J at HOUT_J-BOT_J-BOT_NOTCH__PICKEDSET7_Contour_13,J at HOUT_J-BOT_J-BOT_NOTCH__PICKEDSET7_Contour_14,J at HOUT_J-BOT_J-BOT_NOTCH__PICKEDSET7_Contour_15,J at HOUT_J-BOT_J-BOT_NOTCH__PICKEDSET7_Contour_16,J at HOUT_J-BOT_J-BOT_NOTCH__PICKEDSET7_Contour_17,J at HOUT_J-BOT_J-BOT_NOTCH__PICKEDSET7_Contour_18,J at HOUT_J-BOT_J-BOT_NOTCH__PICKEDSET7_Contour_19,J at HOUT_J-BOT_J-BOT_NOTCH__PICKEDSET7_Contour_20,J at HOUT_J-BOT_J-BOT_NOTCH__PICKEDSET7_Contour_21,J at HOUT_J-BOT_J-BOT_NOTCH__PICKEDSET7_Contour_22,J at HOUT_J-BOT_J-BOT_NOTCH__PICKEDSET7_Contour_23,J at HOUT_J-BOT_J-BOT_NOTCH__PICKEDSET7_Contour_24,J at HOUT_J-BOT_J-BOT_NOTCH__PICKEDSET7_Contour_25,J at HOUT_J-BOT_J-BOT_NOTCH__PICKEDSET7_Contour_26,J at HOUT_J-BOT_J-BOT_NOTCH__PICKEDSET7_Contour_27,J at HOUT_J-BOT_J-BOT_NOTCH__PICKEDSET7_Contour_28,J at HOUT_J-BOT_J-BOT_NOTCH__PICKEDSET7_Contour_29,J at HOUT_J-BOT_J-BOT_NOTCH__PICKEDSET7_Contour_30,J at HOUT_J-TOP_J-TOP_NOTCH__PICKEDSET5_Contour_01,J at HOUT_J-TOP_J-TOP_NOTCH__PICKEDSET5_Contour_02,J at HOUT_J-TOP_J-TOP_NOTCH__PICKEDSET5_Contour_03,J at HOUT_J-TOP_J-TOP_NOTCH__PICKEDSET5_Contour_04,J at HOUT_J-TOP_J-TOP_NOTCH__PICKEDSET5_Contour_05,J at HOUT_J-TOP_J-TOP_NOTCH__PICKEDSET5_Contour_06,J at HOUT_J-TOP_J-TOP_NOTCH__PICKEDSET5_Contour_07,J at HOUT_J-TOP_J-TOP_NOTCH__PICKEDSET5_Contour_08,J at HOUT_J-TOP_J-TOP_NOTCH__PICKEDSET5_Contour_09,J at HOUT_J-TOP_J-TOP_NOTCH__PICKEDSET5_Contour_10,J at HOUT_J-TOP_J-TOP_NOTCH__PICKEDSET5_Contour_11,J at HOUT_J-TOP_J-TOP_NOTCH__PICKEDSET5_Contour_12,J at HOUT_J-TOP_J-TOP_NOTCH__PICKEDSET5_Contour_13,J at HOUT_J-TOP_J-TOP_NOTCH__PICKEDSET5_Contour_14,J at HOUT_J-TOP_J-TOP_NOTCH__PICKEDSET5_Contour_15,J at HOUT_J-TOP_J-TOP_NOTCH__PICKEDSET5_Contour_16,J at HOUT_J-TOP_J-TOP_NOTCH__PICKEDSET5_Contour_17,J at HOUT_J-TOP_J-TOP_NOTCH__PICKEDSET5_Contour_18,J at HOUT_J-TOP_J-TOP_NOTCH__PICKEDSET5_Contour_19,J at HOUT_J-TOP_J-TOP_NOTCH__PICKEDSET5_Contour_20,J at HOUT_J-TOP_J-TOP_NOTCH__PICKEDSET5_Contour_21,J at HOUT_J-TOP_J-TOP_NOTCH__PICKEDSET5_Contour_22,J at HOUT_J-TOP_J-TOP_NOTCH__PICKEDSET5_Contour_23,J at HOUT_J-TOP_J-TOP_NOTCH__PICKEDSET5_Contour_24,J at HOUT_J-TOP_J-TOP_NOTCH__PICKEDSET5_Contour_25,J at HOUT_J-TOP_J-TOP_NOTCH__PICKEDSET5_Contour_26,J at HOUT_J-TOP_J-TOP_NOTCH__PICKEDSET5_Contour_27,J at HOUT_J-TOP_J-TOP_NOTCH__PICKEDSET5_Contour_28,J at HOUT_J-TOP_J-TOP_NOTCH__PICKEDSET5_Contour_29,J at HOUT_J-TOP_J-TOP_NOTCH__PICKEDSET5_Contour_30,LE11_TAPE-INST.33436,LE12_TAPE-INST.33436,LE22_TAPE-INST.33436,SENER_TAPE-INST.33436
0.0,0.0,0.0,0.0,0.0,0.0,0.0,0.0,0.0,0.0,0.0,0.0,0.0,0.0,0.0,0.0,0.0,0.0,0.0,0.0,0.0,0.0,0.0,0.0,0.0,0.0,0.0,0.0,0.0,0.0,0.0,0.0,0.0,0.0,0.0,0.0,0.0,0.0,0.0,0.0,0.0,0.0,0.0,0.0,0.0,0.0,0.0,0.0,0.0,0.0,0.0,0.0,0.0,0.0,0.0,0.0,0.0,0.0,0.0,0.0,0.0,0.0,0.0,0.0,0.0,0.0,0.0
0.0125,5.06101571318e-07,-0.05512337029198779,2.52279605775e-05,2.64959580818e-05,2.67782852461e-05,2.68354233413e-05,2.68592903012e-05,2.68705662165e-05,2.68769817922e-05,2.68808471446e-05,2.6883535611e-05,2.68852963927e-05,2.68865933322e-05,2.68875082838e-05,2.68881976808e-05,2.68887306447e-05,2.68891726591e-05,2.68894946203e-05,2.68897692877e-05,2.68899766525e-05,2.68901494564e-05,2.68902858807e-05,2.6890404115e-05,2.68904968834e-05,2.68905860139e-05,2.68906424026e-05,2.68906987912e-05,2.6890742447e-05,2.68907842838e-05,2.68908061116e-05,2.68908315775e-05,2.68908461294e-05,2.31144640566e-05,2.55205759458e-05,2.58601739915e-05,2.59416974586e-05,2.59687840298e-05,2.59827902482e-05,2.59901935351e-05,2.59947246377e-05,2.59978332906e-05,2.59998632828e-05,2.60013475781e-05,2.60023352894e-05,2.60031229118e-05,2.60036867985e-05,2.60041833826e-05,2.60045126197e-05,2.6004801839e-05,2.60050164798e-05,2.60051820078e-05,2.60053093371e-05,2.60054348473e-05,2.60055112449e-05,2.60056021943e-05,2.60056440311e-05,2.60056931438e-05,2.60057240666e-05,2.60057586274e-05,2.60057731793e-05,2.60057840933e-05,2.60057895503e-05,0.000767179357354,-0.0550926886499,-0.000767179357354,5.06316027895e-05
0.025,2.02690716833e-06,-0.1103390160062134,9.25831409404e-05,9.86031300272e-05,9.92050627246e-05,9.92332279566e-05,9.92635832517e-05,9.92794521153e-05,9.92910645436e-05,9.92988134385e-05,9.93045759969e-05,9.93086068775e-05,9.93116263999e-05,9.93139765342e-05,9.93156791083e-05,9.9317105196e-05,9.93182402453e-05,9.93191279122e-05,9.93198700598e-05,9.93204594124e-05,9.93209614535e-05,9.93213761831e-05,9.93216963252e-05,9.93219873635e-05,9.93222274701e-05,9.9322416645e-05,9.9322591268e-05,9.93227222352e-05,9.93228459265e-05,9.9322925962e-05,9.93230132735e-05,9.93230642052e-05,9.36152646318e-05,0.000110646738904,0.00011206587078,0.00011228222138,0.000112376124889,0.000112425630505,0.000112454021291,0.000112471636385,0.00011248345254,0.000112491405162,0.000112497189548,0.000112501198601,0.000112504269055,0.000112506582809,0.00011250841635,0.000112509769679,0.000112510868348,0.000112511697807,0.000112512345368,0.000112512861961,0.000112513283966,0.000112513596832,0.000112513880595,0.000112514062494,0.000112514208013,0.000112514317152,0.00011251441174,0.000112514448119,0.000112514469947,0.000112514469947,0.00305320974439,-0.110109083354,-0.00305320974439,0.000202777242521
0.029687,2.86019758278e-06,-0.13108772397891216,0.000125371501781,0.000135544367367,0.000136008660775,0.000135869137011,0.000135855851113,0.000135857131681,0.00013586381101,0.000135869646329,0.000135874768603,0.000135878653964,0.000135881651659,0.00013588416914,0.000135885944474,0.000135887559736,0.000135888825753,0.000135889829835,0.00013589070295,0.00013589138689,0.000135891983518,0.000135892478283,0.000135892856633,0.000135893220431,0.000135893511469,0.0001358937443,0.000135893948027,0.000135894108098,0.000135894268169,0.000135894370032,0.000135894471896,0.000135894544655,0.000130458342028,0.000160522933584,0.000162456737598,0.000162718381034,0.000162836440722,0.000162902462762,0.000162941068993,0.000162965312484,0.00016298146511,0.000162992466358,0.000163000426255,0.000163005985087,0.00016301019059,0.000163013421115,0.000163015894941,0.000163017772138,0.000163019256433,0.000163020406035,0.00016302127915,0.00016302196309,0.000163022530614,0.00016302295262,0.000163023301866,0.000163023549248,0.000163023723871,0.000163023854839,0.000163023956702,0.000163023985806,0.000163024000358,0.000163023985806,0.00430230889469,-0.130705341697,-0.00430230889469,0.000286142196273
0.036719,4.38090455646e-06,-0.16227085623200893,0.000181287978194,0.000199486981728,0.000199717236683,0.000198882757104,0.000198665977223,0.000198604364414,0.000198588051717,0.000198583802558,0.000198584224563,0.000198585825274,0.000198587440536,0.000198589405045,0.000198590743821,0.000198592242668,0.000198593450477,0.000198594454559,0.000198595356778,0.000198596098926,0.00019859673921,0.000198597321287,0.000198597743292,0.000198598150746,0.000198598499992,0.000198598776478,0.000198599023861,0.000198599227588,0.000198599416763,0.00019859954773,0.000198599678697,0.00019859978056,0.00019635213539,0.000255823804764,0.000258575513726,0.000258822576143,0.000258953747107,0.000259045977145,0.000259102380369,0.000259138614638,0.000259162450675,0.000259178865235,0.000259190623183,0.000259198888671,0.000259205087787,0.000259209831711,0.000259213411482,0.000259216147242,0.000259218242718,0.000259219901636,0.000259221123997,0.000259222084424,0.000259222841123,0.000259223394096,0.000259223859757,0.000259224150795,0.000259224354522,0.000259224470938,0.000259224558249,0.000259224558249,0.000259224529145,0.000259224441834,0.00657705496997,-0.161551460624,-0.00657705496997,0.000438278744696
0.047266,7.27624501451e-06,-0.20921472001027414,0.000279450527159,0.000309335009661,0.000311891519232,0.000308858463541,0.000307537673507,0.000307151960442,0.000307026784867,0.000306977133732,0.000306956149871,0.000306946807541,0.000306941685267,0.000306940055452,0.000306938774884,0.000306938920403,0.000306939182337,0.00030693950248,0.000306940026348,0.000306940521114,0.000306940957671,0.00030694148154,0.000306941801682,0.000306942209136,0.000306942529278,0.000306942820316,0.000306943082251,0.000306943315081,0.000306943518808,0.000306943664327,0.000306943809846,0.000306943926262,0.000324843334965,0.000446022429969,0.000453360786196,0.000452872714959,0.000452942011179,0.000453084532637,0.000453183281934,0.000453246291727,0.000453287037089,0.000453314714832,0.000453334330814,0.000453347893199,0.000453357963124,0.000453365501016,0.000453371030744,0.000453375221696,0.000453378423117,0.000453380809631,0.000453382555861,0.000453383894637,0.000453384884167,0.000453385582659,0.000453386048321,0.000453386368463,0.000453386484878,0.000453386513982,0.000453386455774,0.000453386310255,0.000453386077425,0.000453385786386,0.0108926696703,-0.207686007023,-0.0108926696703,0.00072793912841
0.051221,8.55385496834e-06,-0.2268815331883373,0.000319034297718,0.000353144365363,0.00035788162495,0.000354246527422,0.000352093280526,0.000351425609551,0.000351208727807,0.000351123308064,0.000351086317096,0.000351068854798,0.000351058901288,0.000351054623025,0.000351051450707,0.000351050519384,0.000351050024619,0.000351049791789,0.000351049995515,0.000351050228346,0.000351050490281,0.00035105086863,0.000351051101461,0.000351051450707,0.000351051712641,0.000351051974576,0.00035105223651,0.000351052440237,0.000351052643964,0.000351052789483,0.000351052935002,0.000351053051418,0.00038267383934,0.000532586069312,0.00054329552222,0.000542189169209,0.00054220930906,0.000542379973922,0.000542501802556,0.000542578753084,0.000542628171388,0.000542661407962,0.000542684982065,0.000542701105587,0.000542713038158,0.000542721827514,0.000542728230357,0.000542733061593,0.000542736728676,0.000542739464436,0.000542741385289,0.00054274284048,0.000542743888218,0.00054274458671,0.000542745052371,0.000542745343409,0.000542745401617,0.000542745343409,0.000542745226994,0.000542744935956,0.00054274458671,0.000542744179256,0.0127909258008,-0.224937096238,-0.0127909258008,0.000855756225064
0.057153,1.06685720311e-05,-0.2534558862175448,0.000379253702704,0.000420263735577,0.000429157022154,0.000425841339165,0.000422144017648,0.000420760770794,0.000420297059463,0.000420119933551,0.000420043710619,0.000420007156208,0.00041998620145,0.00041997586959,0.000419968535425,0.000419965159381,0.000419962976594,0.000419961521402,0.000419960939325,0.000419960590079,0.000419960386353,0.000419960502768,0.000419960473664,0.000419960677391,0.00041996082291,0.000419960997533,0.00041996120126,0.000419961346779,0.000419961521402,0.000419961637817,0.00041996181244,0.000419961928856,0.000481551949633,0.00067801080877,0.00069615652319,0.000694085552823,0.000693997601047,0.00069424638059,0.000694413960446,0.000694517570082,0.00069458282087,0.000694626243785,0.000694656802807,0.000694677466527,0.000694692716934,0.000694703718182,0.000694711809047,0.00069471768802,0.00069472217001,0.000694725313224,0.00069472764153,0.000694729213137,0.00069473037729,0.000694731075782,0.000694731483236,0.000694731657859,0.000694731541444,0.000694731308613,0.000694730959367,0.000694730435498,0.000694729911629,0.000694729271345,0.0159250292927,-0.250755816698,-0.0159250292927,0.00106732104905
0.066052,1.42918725032e-05,-0.29350707025251976,0.000471794541227,0.000523657130543,0.000538758758921,0.000538568303455,0.000533337704837,0.00053017900791,0.000528912700247,0.000528435513843,0.000528237724211,0.000528145581484,0.000528095290065,0.000528068921994,0.000528051343281,0.000528041739017,0.000528035452589,0.0005280309706,0.00052802846767,0.000528026663233,0.000528025324456,0.000528024684172,0.000528024102096,0.000528023869265,0.000528023636434,0.000528023636434,0.000528023636434,0.000528023694642,0.00052802375285,0.000528023811057,0.000528023927473,0.00052802398568,0.00066545617301,0.000931083457544,0.000965868530329,0.000964801292866,0.000963763974141,0.000964282138739,0.000964596692938,0.000964766892139,0.000964868348092,0.000964933016803,0.000964977312833,0.000965006824117,0.000965028419159,0.000965043553151,0.000965054670814,0.000965062587056,0.000965068582445,0.000965072656982,0.000965075509157,0.000965077371802,0.000965078652371,0.000965079234447,0.000965079525486,0.00096507940907,0.000965078943409,0.000965078303125,0.000965077546425,0.000965076615103,0.000965075567365,0.000965074403211,0.0212724581361,-0.289338439703,-0.0212724581361,0.00142981181853
0.079401,2.07620087167e-05,-0.35408683490048287,0.000618116813712,0.00068255799124,0.000705337675754,0.000710702850483,0.000707882456481,0.000702958554029,0.000699520751368,0.000697896350175,0.000697195937391,0.000696884642821,0.000696731556673,0.000696652161423,0.000696603790857,0.00069657608401,0.000696558097843,0.000696545466781,0.000696537783369,0.000696532079019,0.000696527829859,0.000696525268722,0.000696523056831,0.000696521776263,0.000696520670317,0.000696520030033,0.000696519622579,0.000696519273333,0.00069651909871,0.000696518924087,0.000696518924087,0.00069651886588,0.00103620288428,0.00139787222724,0.00145994499326,0.00147094484419,0.00147084891796,0.00147039117292,0.00147099571768,0.00147147185635,0.00147171586286,0.00147185323294,0.0014719379833,0.00147199083585,0.00147202739026,0.00147205172107,0.00147206918336,0.00147208117414,0.00147209013812,0.00147209595889,0.00147210003342,0.00147210236173,0.00147210399155,0.00147210434079,0.00147210422438,0.00147210352588,0.00147210224532,0.00147210084833,0.0014720991021,0.00147209712304,0.00147209514398,0.00147209281567,0.0307524837554,-0.346834212542,-0.0307524837554,0.00207711500116
0.092749,2.85106216324e-05,-0.4153919879302848,0.000769697653595,0.000842092558742,0.000871436379384,0.000880009669345,0.000881669286173,0.000878925668076,0.000874736346304,0.000871520023793,0.00086973386351,0.000868850271218,0.000868430943228,0.00086821737932,0.00086809968343,0.000868032337166,0.000867990835104,0.000867962837219,0.000867945782375,0.000867933093105,0.000867924070917,0.000867918133736,0.0008679133025,0.000867910217494,0.000867907656357,0.000867905968335,0.000867904862389,0.000867903872859,0.000867903232574,0.000867902766913,0.000867902534083,0.000867902417667,0.00153698900249,0.00198680930771,0.00207323464565,0.00209898198955,0.00210600555874,0.00210792059079,0.00210798252374,0.00210802676156,0.00210847426206,0.00210883631371,0.00210904655978,0.00210916623473,0.00210924167186,0.00210928800516,0.00210931897163,0.00210933899507,0.00210935319774,0.00210936157964,0.00210936740041,0.00210937019438,0.00210937205702,0.00210937182419,0.0021093711257,0.00210936949588,0.00210936716758,0.00210936460644,0.00210936157964,0.00210935808718,0.00210935482755,0.00210935086943,0.0419924147427,-0.403800278902,-0.0419924147427,0.00285232719034
0.106097,3.75872041332e-05,-0.47756960377349394,0.000923852028791,0.00100229796953,0.00103568017948,0.00104597827885,0.00105030043051,0.00105104327668,0.00104871555232,0.00104541191831,0.00104274740443,0.00104096706491,0.00104000943247,0.00103950127959,0.00103922770359,0.00103907519951,0.00103898555972,0.00103892793413,0.00103889394086,0.00103886902798,0.00103885226417,0.00103884085547,0.00103883200791,0.00103882618714,0.00103882141411,0.0010388182709,0.00103881617542,0.00103881419636,0.00103881303221,0.00103881210089,0.00103881151881,0.00103881128598,0.00218521431088,0.00271671032533,0.00281993555836,0.00286009674892,0.00287449546158,0.00288070808165,0.00288333673961,0.00288419052958,0.00288418843411,0.00288417073898,0.0028844459448,0.00288472790271,0.00288491998799,0.0028850347735,0.002885106951,0.00288515165448,0.00288518075831,0.00288519798778,0.00288520846516,0.00288521358743,0.0028852163814,0.00288521591574,0.00288521428593,0.00288521149196,0.00288520730101,0.00288520311005,0.00288519822061,0.00288519286551,0.00288518727757,0.0028851814568,0.0550057031214,-0.460152238607,-0.0550057031214,0.00376040092669
0.119446,4.80518501718e-05,-0.5407779327303389,0.00107917771675,0.00116306135897,0.00119803089183,0.00120949523989,0.00121469562873,0.00121760857292,0.0012178273173,0.00121613452211,0.00121390447021,0.00121171853971,0.00121019408107,0.0012092536781,0.00120868859813,0.00120837253053,0.00120818684809,0.00120807159692,0.00120800547302,0.00120795855764,0.00120792852249,0.00120790803339,0.00120789278299,0.0012078830041,0.00120787520427,0.00120786984917,0.00120786624029,0.00120786309708,0.00120786123443,0.00120785960462,0.0012078586733,0.00120785832405,0.00298862205818,0.00360171683133,0.0037130988203,0.00376469595358,0.00378555897623,0.00379615253769,0.00380161288194,0.00380443688482,0.00380583736114,0.00380636076443,0.0038063749671,0.00380628043786,0.00380638753995,0.00380659173243,0.00380676565692,0.00380688230507,0.00380695844069,0.00380700477399,0.00380703317933,0.00380704877898,0.00380705855787,0.00380706111901,0.00380706042051,0.00380705739371,0.00380705157295,0.00380704551935,0.0038070383016,0.00380703015253,0.00380702200346,0.00380701315589,0.0698098093271,-0.515806853771,-0.0698098093271,0.00480734976009
0.139468,6.65124316583e-05,-0.6379042780130166,0.00131413666531,0.00140633597039,0.00144214706961,0.00145429279655,0.00146002252586,0.00146363256499,0.00146579695866,0.0014666345669,0.00146643212065,0.00146539241541,0.00146411592141,0.00146296841558,0.0014620104339,0.0014613539679,0.00146091810893,0.00146063661668,0.00146046618465,0.00146034918725,0.00146027747542,0.00146022881381,0.00146019516978,0.00146017363295,0.00146015780047,0.00146014685743,0.00146013975609,0.00146013370249,0.00146013032645,0.00146012741607,0.00146012566984,0.00146012508776,0.0044824834913,0.00523371715099,0.00534994248301,0.00541097810492,0.00543762277812,0.00545339332893,0.00546288210899,0.0054686749354,0.00547228567302,0.00547453947365,0.00547595042735,0.00547677185386,0.00547717511654,0.00547724543139,0.00547713739797,0.00547705311328,0.00547710433602,0.0054772188887,0.00547732971609,0.00547740794718,0.00547746522352,0.00547749781981,0.00547751644626,0.00547752622515,0.00547752669081,0.00547752389684,0.00547751691192,0.00547750666738,0.00547749502584,0.00547748198733,0.0954233035445,-0.597799003124,-0.0954233035445,0.00665427511558
0.159491,8.85627305252e-05,-0.7383950067971646,0.00155858881772,0.00165915628895,0.0016960427165,0.00170878251083,0.00171478965785,0.00171851587947,0.00172083813231,0.00172230124008,0.00172324699815,0.00172366958577,0.00172360136639,0.00172319810372,0.00172257237136,0.00172196747735,0.00172142812517,0.00172100798227,0.00172069657128,0.00172046013176,0.00172030727845,0.00172019866295,0.00172012415715,0.00172007654328,0.00172004196793,0.00172001845203,0.00172000343446,0.00171999167651,0.00171998492442,0.00171997933649,0.00171997619327,0.00171997514553,0.00631433865055,0.00723947631195,0.0073637641035,0.00742824701592,0.00745603628457,0.00747391441837,0.00748586561531,0.00749397370964,0.00749956350774,0.00750343035907,0.00750615959987,0.0075080790557,0.00750943971798,0.0075103729032,0.00751099782065,0.00751136569306,0.00751152029261,0.00751149281859,0.00751136988401,0.00751126091927,0.00751126091927,0.00751131772995,0.00751138944179,0.0075114518404,0.00751149002463,0.00751151842996,0.00751153053716,0.00751153379679,0.0075115300715,0.00751152122393,0.125214025378,-0.677749872208,-0.125214025378,0.00886035803705
0.179514,0.000114586022391,-0.8430002433872563,0.00183114921674,0.00193886144552,0.00197726720944,0.00199117627926,0.00199770415202,0.00200155191123,0.00200381502509,0.00200534029864,0.00200631143525,0.00200703553855,0.00200755335391,0.00200791819952,0.00200799200684,0.00200793310069,0.0020077326335,0.00200749002397,0.00200722250156,0.00200696755201,0.00200676452368,0.00200660084374,0.00200647325255,0.00200638128445,0.0020063132979,0.00200626370497,0.00200623064302,0.00200620596297,0.00200619059615,0.00200617872179,0.00200617150404,0.00200616824441,0.0084815537557,0.00962778553367,0.00976939033717,0.00983681902289,0.00986357871443,0.00988105591387,0.00989350024611,0.00990260113031,0.00990936905146,0.00991439539939,0.00991819053888,0.00992105528712,0.00992324016988,0.00992489606142,0.00992616824806,0.00992713402957,0.0099278613925,0.00992839131504,0.00992874987423,0.00992894824594,0.00992901995778,0.00992895942181,0.00992882624269,0.00992870982736,0.00992865115404,0.00992867536843,0.00992871727794,0.00992876011878,0.00992879271507,0.00992881227285,0.159308433533,-0.755358338356,-0.159308433533,0.0114639494568
0.199536,0.000145061014337,-0.9525774004269031,0.00215906882659,0.00227228109725,0.00231262040325,0.00232811574824,0.00233542453498,0.00233951304108,0.00234177778475,0.00234339106828,0.00234438478947,0.0023451668676,0.00234565185383,0.0023460641969,0.00234630913474,0.00234658736736,0.00234679016285,0.00234690424986,0.00234692217782,0.00234687444754,0.00234679528512,0.00234670983627,0.00234660436399,0.00234651076607,0.00234643300064,0.00234636384994,0.00234631029889,0.0023462693207,0.00234623998404,0.00234621623531,0.00234619970433,0.00234619085677,0.0109926247969,0.0124115459621,0.0125811463222,0.012654482387,0.012680391781,0.0126965399832,0.0127082495019,0.0127171874046,0.0127241993323,0.0127296866849,0.0127340508625,0.0127375153825,0.0127402888611,0.0127424979582,0.0127442870289,0.0127457287163,0.0127468947321,0.0127478390932,0.0127485943958,0.012749186717,0.0127496588975,0.0127500053495,0.0127502419055,0.0127503750846,0.0127503899857,0.0127503266558,0.0127501869574,0.0127500453964,0.0127499597147,0.0127499410883,0.197859957814,-0.830286443233,-0.197859957814,0.0145129477605
0.22957,0.000200418275199,-1.1283455022514322,0.00283558550291,0.00295578991063,0.00299983331934,0.00301767839119,0.00302625191398,0.00303085613996,0.00303340982646,0.00303516420536,0.00303619354963,0.00303708482534,0.00303766247816,0.00303810252808,0.00303838425316,0.00303861778229,0.00303873838857,0.00303883804008,0.00303891859949,0.00303902709857,0.00303916516714,0.00303931930102,0.00303942617029,0.00303953583352,0.00303960125893,0.00303964014165,0.00303966458887,0.00303967739455,0.00303967809305,0.00303967297077,0.00303966575302,0.00303966458887,0.015441538766,0.017367111519,0.0175986550748,0.0176890790462,0.0177163612098,0.0177311766893,0.0177414603531,0.0177493300289,0.0177557133138,0.0177609100938,0.0177652463317,0.0177688635886,0.0177719071507,0.0177744552493,0.0177766270936,0.0177784692496,0.0177800394595,0.0177813861519,0.0177825335413,0.0177835058421,0.0177843533456,0.017785070464,0.017785679549,0.017786199227,0.0177866220474,0.0177869852632,0.0177872665226,0.0177874770015,0.0177876148373,0.0177876763046,0.264396697283,-0.936731696129,-0.264396697283,0.0200514346361
0.259604,0.000269379117526,-1.3204840164894398,0.00387663766742,0.00400522165,0.00405410863459,0.0040738247335,0.00408363109455,0.00408886093646,0.0040917750448,0.00409366562963,0.00409484049305,0.00409578206018,0.00409639347345,0.00409688614309,0.00409725634381,0.00409757113084,0.00409778952599,0.00409796228632,0.00409808754921,0.00409817369655,0.00409821374342,0.00409821840003,0.00409819558263,0.0040981862694,0.00409817742184,0.00409820582718,0.00409828172997,0.00409839209169,0.0040984977968,0.00409861141816,0.00409870222211,0.00409879442304,0.0207636300474,0.0233105253428,0.0236269272864,0.0237447004765,0.0237771272659,0.0237924475223,0.0238021984696,0.0238093156368,0.0238150190562,0.0238196440041,0.0238235406578,0.023826835677,0.0238296668977,0.0238320808858,0.0238342024386,0.0238360483199,0.0238376706839,0.0238391105086,0.023840373382,0.0238414816558,0.0238424818963,0.0238433647901,0.0238441452384,0.0238448437303,0.0238454509526,0.0238460060209,0.023846488446,0.0238469112664,0.0238472763449,0.0238475929946,0.341614186764,-1.03424751759,-0.341614186764,0.0269509926438
0.289638,0.000353682611603,-1.5297993938234469,0.00544839818031,0.00559206213802,0.00564709259197,0.00566816562787,0.00567916268483,0.00568494619802,0.00568827800453,0.00569035951048,0.00569168990478,0.00569269340485,0.00569334859028,0.00569389062002,0.00569430040196,0.005694642663,0.00569491414353,0.0056951274164,0.00569531181827,0.00569546688348,0.00569557817653,0.00569566944614,0.00569574162364,0.00569578493014,0.0056958082132,0.00569579517469,0.00569576583803,0.00569572066888,0.00569563824683,0.00569555815309,0.00569546641782,0.00569541426376,0.0269668791443,0.030242530629,0.030664967373,0.0308193359524,0.0308602415025,0.0308777894825,0.0308880712837,0.03089514561,0.0309006404132,0.030904982239,0.03090858832,0.0309116002172,0.0309141743928,0.030916351825,0.0309182759374,0.0309199541807,0.0309214424342,0.0309227779508,0.0309239625931,0.0309250168502,0.0309259854257,0.0309268534184,0.030927637592,0.0309283528477,0.030928986147,0.0309295821935,0.0309301130474,0.0309305936098,0.0309310276061,0.0309314206243,0.428466200829,-1.11973834038,-0.428466200829,0.0353856012225
0.319672,0.000451877946034,-1.7497804241604318,0.0076287551783,0.00779492361471,0.00785786937922,0.00787992309779,0.00789219327271,0.00789862498641,0.00790234096348,0.00790470466018,0.00790621992201,0.0079072965309,0.00790805090219,0.00790862832218,0.00790907815099,0.0079094292596,0.00790973007679,0.00790996104479,0.00791017338634,0.00791034288704,0.00791047886014,0.00791059620678,0.00791070703417,0.00791078992188,0.00791087094694,0.00791092216969,0.0079109640792,0.00791100319475,0.00791101250798,0.00791101623327,0.00791099015623,0.00791095476598,0.0338623784482,0.0379468016326,0.0384916439652,0.038689494133,0.0387412309647,0.0387621484697,0.0387736707926,0.0387812145054,0.038786906749,0.038791295141,0.0387948676944,0.0387977957726,0.0388002619147,0.0388022996485,0.0388040877879,0.0388056300581,0.0388069823384,0.0388081967831,0.0388092622161,0.0388102047145,0.0388110764325,0.0388118587434,0.0388125628233,0.0388132072985,0.0388137772679,0.0388143211603,0.0388148054481,0.0388152487576,0.038815651089,0.038816023618,0.520379245281,-1.18898904324,-0.520379245281,0.0452100820839
0.349706,0.000556482118554,-1.9633521683265762,0.0102708023041,0.0104690287262,0.0105417380109,0.0105651719496,0.0105786258355,0.0105857169256,0.0105900801718,0.010592687875,0.0105944871902,0.0105956541374,0.0105965044349,0.0105971675366,0.0105976378545,0.0105980494991,0.0105983614922,0.0105986176059,0.0105988448486,0.0105990217999,0.0105991698802,0.0105992974713,0.010599417612,0.0105995116755,0.0105996094644,0.010599674657,0.0105997417122,0.0105997985229,0.0105998441577,0.0105998814106,0.0105999046937,0.0105999205261,0.0409368909895,0.045846991241,0.046519882977,0.0467637069523,0.0468271635473,0.046851862222,0.046864874661,0.0468730852008,0.0468791499734,0.0468837358057,0.0468874238431,0.0468903928995,0.0468928590417,0.0468948595226,0.0468965917826,0.0468980632722,0.0468993373215,0.0469004698098,0.0469014458358,0.0469022989273,0.0469030886889,0.0469037815928,0.046904399991,0.0469049625099,0.0469054505229,0.0469059161842,0.0469063296914,0.0469067022204,0.0469070449471,0.0469073578715,0.608467161655,-1.23903286457,-0.608467161655,0.0556757599115
0.379739,0.00065745547181,-2.1527345643413933,0.0130618959665,0.0132992370054,0.013383872807,0.0134089384228,0.0134240062907,0.0134321879596,0.0134370308369,0.0134400380775,0.0134421689436,0.0134434746578,0.0134445345029,0.0134452348575,0.0134457908571,0.0134462416172,0.0134465852752,0.0134468739852,0.0134471105412,0.0134473163635,0.0134474672377,0.0134476190433,0.0134477345273,0.013447846286,0.0134479440749,0.0134480213746,0.0134480958804,0.0134481573477,0.0134482113644,0.0134482579306,0.0134482961148,0.0134483259171,0.0475986897945,0.05328117311,0.0540753081441,0.0543628036976,0.0544374138117,0.054465688765,0.0544801019132,0.0544889383018,0.0544953718781,0.0545001737773,0.0545039996505,0.0545070469379,0.0545095540583,0.0545115508139,0.054513271898,0.0545147061348,0.0545159354806,0.0545170158148,0.0545179359615,0.054518725723,0.0545194484293,0.0545200780034,0.0545206293464,0.0545211210847,0.0545215383172,0.0545219369233,0.05452227965,0.0545225925744,0.0545228719711,0.0545231290162,0.684682369232,-1.27157354355,-0.684682369232,0.0657781884074
0.409773,0.000749286089558,-2.3119695331047514,0.0157553050667,0.0160322058946,0.0161294415593,0.0161568913609,0.0161739643663,0.0161832980812,0.0161888394505,0.0161923877895,0.0161947514862,0.0161963142455,0.0161975454539,0.0161983501166,0.0161990243942,0.0161995142698,0.0161999259144,0.0162002258003,0.0162004958838,0.0162007119507,0.0162008851767,0.0162010472268,0.016201172024,0.0162012968212,0.0162013955414,0.016201486811,0.0162015631795,0.01620163396,0.0162016879767,0.0162017438561,0.0162017848343,0.0162018239498,0.0535854026675,0.0599567480385,0.0608592070639,0.0611856840551,0.0612701624632,0.0613015294075,0.0613171160221,0.0613264665008,0.061333194375,0.0613381713629,0.06134211272,0.0613452270627,0.0613477751613,0.0613497793674,0.061351493001,0.0613529086113,0.0613541081548,0.0613551549613,0.0613560304046,0.0613567754626,0.0613574534655,0.0613580271602,0.0613585263491,0.0613589659333,0.0613593272865,0.0613596737385,0.0613599643111,0.0613602213562,0.0613604485989,0.0613606609404,0.746988296509,-1.29172468185,-0.746988296509,0.0749659240246
0.439807,0.000831519602798,-2.444538581221679,0.0182530265301,0.0185675043613,0.0186771545559,0.0187077280134,0.0187269952148,0.0187374632806,0.0187439117581,0.0187480393797,0.018750725314,0.0187525674701,0.0187539346516,0.0187548808753,0.0187556445599,0.0187562126666,0.0187566839159,0.0187570210546,0.0187573302537,0.0187575612217,0.0187577605247,0.0187579263002,0.0187580697238,0.0187581963837,0.0187583044171,0.018758399412,0.0187584813684,0.0187585577369,0.0187586136162,0.0187586732209,0.018758719787,0.0187587644905,0.0589375309646,0.0659198909998,0.0669177994132,0.0672785416245,0.0673715546727,0.0674055218697,0.067422054708,0.0674318000674,0.0674387514591,0.0674438625574,0.0674478858709,0.0674510523677,0.0674536302686,0.0674556419253,0.0674573481083,0.0674587488174,0.0674599260092,0.0674609467387,0.0674617961049,0.0674625039101,0.0674631372094,0.0674636736512,0.0674641355872,0.067464530468,0.0674648433924,0.0674651488662,0.0674654021859,0.0674656182528,0.0674658045173,0.0674659758806,0.797474682331,-1.30422198772,-0.797474682331,0.083193525672
0.484858,0.000940270430874,-2.6058656725982288,0.0216355342418,0.0220027025789,0.0221305638552,0.022166505456,0.022189360112,0.0222017504275,0.0222096256912,0.0222146380693,0.0222179796547,0.0222202483565,0.0222218874842,0.0222230385989,0.0222239289433,0.0222246143967,0.0222251545638,0.0222255736589,0.0222259294242,0.022226203233,0.0222264416516,0.022226633504,0.0222267974168,0.0222269408405,0.0222270563245,0.0222271643579,0.0222272444516,0.0222273338586,0.0222273878753,0.02222744748,0.0222274977714,0.0222275462002,0.0660615339875,0.0738496258855,0.0749713778496,0.0753763690591,0.0754801407456,0.0755172595382,0.0755348876119,0.0755450576544,0.0755522400141,0.0755574852228,0.0755615979433,0.0755648165941,0.0755674242973,0.0755694285035,0.0755711346865,0.0755725130439,0.0755736678839,0.0755746588111,0.0755754634738,0.0755761265755,0.0755767300725,0.0755772143602,0.0755776241422,0.0755779743195,0.0755782425404,0.0755784958601,0.0755786970258,0.0755788683891,0.0755790174007,0.0755791440606,0.857116818428,-1.31494402885,-0.857116818428,0.0940743461251
0.552434,0.00108078785706,-2.792074121913546,0.0260796379298,0.0265201609582,0.0266751628369,0.0267199426889,0.0267487876117,0.0267647411674,0.0267748013139,0.0267812088132,0.0267855916172,0.0267885290086,0.0267907008529,0.0267921686172,0.0267933253199,0.0267941672355,0.0267948266119,0.0267953425646,0.0267957579345,0.0267960876226,0.0267963707447,0.0267966091633,0.0267967954278,0.0267969761044,0.0267971027642,0.0267972350121,0.0267973225564,0.0267974361777,0.0267974864691,0.0267975572497,0.0267976019531,0.0267976634204,0.0754301175475,0.0842650830746,0.0855429396033,0.0860034152865,0.0861201882362,0.086160890758,0.0861796885729,0.0861902609468,0.0861976742744,0.0862030386925,0.0862072408199,0.0862105116248,0.0862131491303,0.0862151458859,0.0862168446183,0.086218200624,0.0862193256617,0.0862202867866,0.0862210541964,0.0862216725945,0.0862222239375,0.0862226635218,0.0862230286002,0.0862233191729,0.0862235277891,0.0862237364054,0.086223885417,0.0862240046263,0.0862241014838,0.0862241908908,0.923443257809,-1.32215237617,-0.923443257809,0.108133763075
0.62001,0.00120426691137,-2.9368633118582954,0.0300075467676,0.0305176246911,0.0307005494833,0.0307553522289,0.0307909436524,0.0308111142367,0.0308236274868,0.0308316145092,0.0308369789273,0.0308406017721,0.0308432783931,0.0308450926095,0.0308465454727,0.0308475587517,0.0308483857661,0.0308489929885,0.0308494959027,0.0308498609811,0.0308501999825,0.0308504607528,0.0308506693691,0.0308508668095,0.0308510046452,0.0308511387557,0.0308512412012,0.0308513622731,0.0308514107019,0.030851488933,0.0308515280485,0.0308516006917,0.0838515982032,0.0936171934009,0.095028616488,0.0955364108086,0.0956638380885,0.0957073196769,0.0957269743085,0.0957378298044,0.0957453995943,0.0957508608699,0.0957551300526,0.0957584455609,0.0957611054182,0.0957631096244,0.0957648083568,0.0957661494613,0.0957672595978,0.0957681983709,0.0957689359784,0.0957695245743,0.0957700535655,0.0957704558969,0.0957707762718,0.0957710295916,0.0957712009549,0.0957713723183,0.0957714766264,0.0957715660334,0.095771625638,0.0957716777921,0.973148405552,-1.32455849648,-0.973148405552,0.1204886958
0.687587,0.00131707766559,-3.0555337516862195,0.0335930734873,0.0341713540256,0.0343838334084,0.0344504565001,0.0344937443733,0.0345186851919,0.0345340706408,0.0345438793302,0.0345502756536,0.0345546193421,0.0345577225089,0.034559879452,0.0345615744591,0.0345627702773,0.0345637574792,0.0345644727349,0.0345650836825,0.0345655009151,0.0345659144223,0.0345662049949,0.0345664508641,0.0345666632056,0.0345668233931,0.0345669463277,0.0345670692623,0.034567181021,0.034567233175,0.0345673002303,0.0345673337579,0.0345673970878,0.0917261168361,0.102354615927,0.103886090219,0.104436457157,0.104573205113,0.104619055986,0.104639418423,0.104650512338,0.104658231139,0.104663781822,0.10466811806,0.104671478271,0.104674182832,0.104676194489,0.104677900672,0.104679241776,0.104680344462,0.104681268334,0.104681991041,0.104682557285,0.104683063924,0.104683436453,0.104683727026,0.104683950543,0.104684092104,0.104684226215,0.104684308171,0.104684360325,0.104684397578,0.10468441993,1.01268219948,-1.32476592064,-1.01268219948,0.131776452065
0.787587,0.00147156370804,-3.19990094083036,0.0384967401624,0.039177455008,0.0394382216036,0.0395266525447,0.039583619684,0.0396167598665,0.039637234062,0.0396501980722,0.0396584533155,0.0396640077233,0.0396677553654,0.0396704301238,0.0396723933518,0.0396738164127,0.0396749638021,0.0396758131683,0.0396765395999,0.03967705369,0.0396775640547,0.0396779291332,0.0396782457829,0.0396785140038,0.0396787300706,0.0396788679063,0.0396790467203,0.0396791696548,0.0396792404354,0.0396793037653,0.0396793484688,0.0396793968976,0.10282702744,0.114661864936,0.116356872022,0.116965554655,0.11711486429,0.117163874209,0.117185212672,0.117196649313,0.117204591632,0.117210298777,0.117214761674,0.117218211293,0.117220982909,0.117223024368,0.117224760354,0.117226108909,0.117227219045,0.117228142917,0.117228850722,0.117229394615,0.117229878902,0.117230221629,0.117230474949,0.117230661213,0.117230758071,0.117230862379,0.117230899632,0.117230921984,0.117230914533,0.117230907083,1.05934345722,-1.32318031788,-1.05934345722,0.147234648466
0.887587,0.00161645794287,-3.319246105102196,0.0431080944836,0.0438963957131,0.0442123860121,0.0443285815418,0.044402576983,0.0444456264377,0.0444721765816,0.0444888174534,0.044499412179,0.0445064045489,0.044511012733,0.0445142798126,0.0445165485144,0.0445181913674,0.0445194467902,0.0445203892887,0.0445211529732,0.044521741569,0.0445222593844,0.0445226840675,0.0445230267942,0.0445233397186,0.044523589313,0.0445237644017,0.0445239804685,0.0445241443813,0.0445242412388,0.0445243306458,0.0445243939757,0.0445244647563,0.113590300083,0.126584842801,0.128434121609,0.129098385572,0.129259616137,0.129311665893,0.129333987832,0.129345804453,0.129354014993,0.12935988605,0.12936450541,0.129368066788,0.129370927811,0.129373028874,0.129374802113,0.129376173019,0.129377290606,0.12937822938,0.129378929734,0.129379466176,0.129379928112,0.129380241036,0.129380464554,0.129380628467,0.129380688071,0.129380747676,0.129380762577,0.129380747676,0.129380702972,0.12938067317,1.09675896168,-1.32055318356,-1.09675896168,0.161733552814
0.987587,0.00175510009285,-3.4213822197762918,0.0475556515157,0.048458173871,0.0488367639482,0.0489866994321,0.0490813404322,0.049136351794,0.0491699501872,0.0491907633841,0.049204070121,0.0492126978934,0.0492184273899,0.0492223985493,0.0492251515388,0.0492270737886,0.0492285229266,0.0492295660079,0.0492303781211,0.0492310300469,0.04923151806,0.0492319688201,0.0492322817445,0.0492326021194,0.0492328293622,0.0492330156267,0.0492332056165,0.0492333769798,0.0492334701121,0.0492335557938,0.0492336191237,0.0492336899042,0.124209351838,0.13833886385,0.140337660909,0.141056418419,0.1412294209,0.141284540296,0.141307920218,0.141320154071,0.141328662634,0.141334742308,0.141339540482,0.141343221068,0.141346186399,0.141348332167,0.141350165009,0.14135158062,0.141352713108,0.141353666782,0.141354367137,0.141354888678,0.141355335712,0.141355633736,0.141355842352,0.141355961561,0.141355991364,0.141356021166,0.141356006265,0.141355961561,0.141355887055,0.141355827451,1.12796914577,-1.31748437881,-1.12796914577,0.175607293844
1.0,0.00177198054735,-3.433110027336736,0.0481003262103,0.0490175448358,0.0494044162333,0.0495589338243,0.0496563799679,0.0497130341828,0.0497475713491,0.0497689396143,0.0497826002538,0.049791444093,0.0497973263264,0.0498013943434,0.0498042181134,0.0498061813414,0.0498076677322,0.0498087257147,0.0498095490038,0.0498102121055,0.0498106963933,0.0498111508787,0.0498114638031,0.0498117804527,0.0498120039701,0.0498121902347,0.0498123764992,0.0498125441372,0.0498126335442,0.0498127192259,0.0498127788305,0.0498128458858,0.125523105264,0.139792412519,0.14180958271,0.142535090446,0.142709568143,0.142765074968,0.142788589001,0.142800882459,0.142809450626,0.142815575004,0.142820388079,0.142824098468,0.1428270787,0.142829239368,0.142831072211,0.142832502723,0.142833650112,0.142834603786,0.142835304141,0.142835840583,0.142836287618,0.142836585641,0.142836794257,0.142836913466,0.142836943269,0.142836973071,0.14283695817,0.142836913466,0.142836838961,0.142836779356,1.1315060854,-1.31708776951,-1.1315060854,0.177296534181
